#,Player          ,GP,MIN,PTS,FGM,FGA,FG%,3PM,3PA,3P%,FTM,FTA,FT%,OREB,DREB,REB,AST,STL,BLK,TOV,EFF
1,LeBron James,56,37.2,30.3,11.4,21.8,52.4,2.9,8.0,35.9,4.5,6.0,75.6,1.1,7.1,8.2,6.2,1.3,1.1,3.5,31.7
2,Joel Embiid,65,33.6,30.2,9.6,19.5,49.3,1.4,3.7,36.8,9.6,11.8,81.7,2.1,9.4,11.6,4.2,1.1,1.5,3.1,33.5
3,Giannis Antetokounmpo,64,33.0,30.1,10.3,18.7,55.4,1.1,3.6,29.6,8.3,11.5,72.1,2.0,9.6,11.6,5.8,1.1,1.4,3.3,35.1
4,Luka Doncic,62,35.6,28.3,9.9,21.7,45.6,3.1,8.7,35.3,5.5,7.4,74.4,0.9,8.3,9.1,8.7,1.2,0.5,4.5,29.7
5,Trae Young,72,34.8,28.3,9.3,20.3,45.9,3.1,8.0,38.3,6.6,7.3,90.3,0.6,3.1,3.8,9.6,1.0,0.1,4.0,27.1
6,DeMar DeRozan,73,36.2,28.0,10.2,20.3,50.3,0.7,1.9,35.5,6.9,7.9,87.7,0.7,4.5,5.3,5.0,0.9,0.3,2.3,26.1
7,Ja Morant,56,33.3,27.6,10.2,20.8,49.3,1.5,4.5,34.0,5.6,7.3,76.2,1.3,4.4,5.7,6.7,1.2,0.4,3.4,25.8
8,Jayson Tatum,74,36.1,27.0,9.4,20.7,45.2,3.0,8.6,35.1,5.3,6.2,85.4,1.1,6.8,8.0,4.4,1.0,0.6,2.8,25.9
9,Nikola Jokic,72,33.3,26.8,10.1,17.4,58.3,1.3,3.9,33.9,5.2,6.4,81.1,2.8,10.9,13.7,8.0,1.4,0.9,3.8,38.5
10,Devin Booker,66,34.5,26.6,9.7,20.8,46.4,2.7,7.0,37.7,4.7,5.4,86.5,0.7,4.3,5.0,4.9,1.2,0.4,2.4,23.8
11,Donovan Mitchell,65,33.7,26.1,9.3,20.5,45.4,3.5,9.9,35.9,4.0,4.6,85.1,0.8,3.3,4.1,5.4,1.5,0.2,3.0,22.3
12,Stephen Curry,64,34.5,25.5,8.4,19.1,43.7,4.5,11.7,38.0,4.3,4.7,92.3,0.5,4.7,5.2,6.3,1.3,0.4,3.2,24.4
13,Zach LaVine,65,34.9,24.7,8.5,17.9,47.7,2.8,7.2,39.3,4.8,5.7,85.1,0.3,4.3,4.6,4.5,0.6,0.3,2.6,22.0
14,Karl-Anthony Towns,72,33.4,24.6,8.7,16.3,53.3,2.0,4.9,41.0,5.2,6.3,82.5,2.6,7.2,9.8,3.6,1.0,1.1,3.1,28.3
15,Shai Gilgeous-Alexander,56,34.7,24.5,8.5,18.8,45.3,1.6,5.3,30.0,5.9,7.2,81.0,0.7,4.3,5.0,5.9,1.3,0.8,2.8,23.1
16,Jaylen Brown,63,33.7,23.7,8.7,18.4,47.4,2.5,7.1,36.0,3.7,4.8,76.7,0.8,5.3,6.1,3.4,1.0,0.3,2.7,21.0
17,De'Aaron Fox,59,35.3,23.2,8.7,18.5,47.3,1.3,4.2,29.7,4.4,5.9,75.0,0.4,3.5,3.9,5.6,1.2,0.4,2.8,20.2
18,CJ McCollum,57,35.3,22.6,8.8,19.1,46.3,3.0,7.7,38.8,1.9,2.7,71.0,0.9,3.6,4.5,5.2,1.1,0.4,2.1,20.6
19,Pascal Siakam,65,37.9,22.4,8.6,17.4,49.3,1.1,3.2,35.6,4.1,5.5,74.6,1.8,6.5,8.4,5.2,1.2,0.6,2.7,24.8
20,James Harden,62,37.1,22.4,6.3,15.4,41.2,2.3,6.9,33.4,7.4,8.4,87.5,0.9,7.0,7.9,10.1,1.3,0.6,4.4,27.7
21,Darius Garland,65,35.8,21.6,7.9,17.2,46.1,2.6,6.7,38.0,3.2,3.6,89.7,0.6,2.7,3.3,8.6,1.3,0.1,3.8,21.6
22,Dejounte Murray,67,34.8,21.2,8.5,18.3,46.3,1.4,4.3,33.0,2.8,3.6,78.8,1.2,7.2,8.4,9.3,2.0,0.3,2.7,28.0
23,Anthony Edwards,69,34.4,21.1,7.6,17.3,43.8,3.0,8.4,36.0,3.0,3.8,78.3,0.9,3.9,4.8,3.8,1.5,0.7,2.7,18.7
24,Tyler Herro,64,32.6,20.6,7.6,17.1,44.3,2.6,6.7,39.3,2.8,3.3,86.2,0.5,4.5,5.0,3.9,0.7,0.1,2.6,17.7
25,Fred VanVleet,64,37.9,20.4,6.8,16.8,40.7,3.8,9.8,38.1,3.0,3.4,87.7,0.7,3.8,4.5,6.6,1.7,0.5,2.6,20.8
26,Miles Bridges,76,35.8,20.3,7.5,15.3,49.1,1.9,5.9,32.8,3.4,4.2,79.8,1.2,5.9,7.1,3.8,0.9,0.9,1.9,22.4
27,Khris Middleton,63,32.5,20.1,6.8,15.4,44.1,2.4,6.5,37.4,4.1,4.6,89.0,0.7,4.8,5.4,5.4,1.1,0.3,2.9,20.3
28,Julius Randle,72,35.3,20.1,7.1,17.3,41.1,1.7,5.4,30.8,4.2,5.6,75.6,1.7,8.2,9.9,5.1,0.7,0.5,3.4,21.5
29,RJ Barrett,68,34.7,20.1,7.0,17.0,41.0,2.0,5.8,34.6,4.1,5.7,72.1,1.0,4.9,5.9,2.9,0.6,0.2,2.2,15.9
30,LaMelo Ball,71,32.3,19.9,7.1,16.7,42.5,2.8,7.5,37.9,2.9,3.3,86.9,1.5,5.2,6.7,7.5,1.6,0.4,3.2,22.9
31,Terry Rozier,69,33.9,19.3,7.0,16.0,44.0,3.1,8.2,37.7,2.1,2.5,85.0,0.8,3.6,4.3,4.4,1.3,0.3,1.4,19.0
32,Domantas Sabonis,62,34.5,18.9,7.1,12.5,57.3,0.6,2.0,31.2,4.0,5.4,74.1,3.2,8.9,12.1,5.2,1.0,0.4,3.1,27.8
33,Jrue Holiday,63,33.4,18.7,7.3,14.5,50.2,2.0,4.8,41.6,2.1,2.7,76.7,1.0,3.5,4.5,6.8,1.7,0.4,2.8,21.4
34,Jordan Poole,72,29.9,18.4,6.2,13.8,45.1,2.8,7.5,36.6,3.2,3.5,92.0,0.4,2.9,3.3,3.8,0.8,0.3,2.4,16.4
35,Russell Westbrook,77,34.3,18.4,7.0,15.8,44.4,1.0,3.4,29.4,3.4,5.1,66.5,1.4,6.1,7.5,7.1,1.0,0.3,3.8,19.9
36,Desmond Bane,73,30.0,18.2,6.7,14.5,46.0,3.0,7.0,43.0,1.8,2.0,89.8,0.6,3.8,4.4,2.8,1.2,0.4,1.5,17.5
37,Gary Trent Jr.,66,34.9,18.1,6.3,15.4,41.0,3.0,7.9,38.0,2.5,3.0,84.8,0.4,2.4,2.7,2.0,1.8,0.3,1.1,14.3
38,D'Angelo Russell,64,32.0,18.1,6.2,15.0,41.0,2.7,8.0,34.0,3.1,3.7,82.8,0.4,2.9,3.3,7.0,1.0,0.3,2.5,17.7
39,Jonas Valanciunas,71,30.9,18.1,7.0,12.9,54.2,0.8,2.2,36.1,3.3,4.0,81.9,3.1,8.5,11.6,2.6,0.6,0.8,2.4,24.7
40,Nikola Vucevic,70,33.5,18.0,7.7,15.9,48.0,1.5,4.6,31.8,1.3,1.7,75.2,2.0,9.2,11.2,3.3,1.0,1.0,1.8,24.0
41,Bojan Bogdanovic,66,30.8,18.0,6.1,13.4,45.6,2.6,6.8,38.7,3.1,3.6,85.8,0.8,3.4,4.2,1.8,0.4,0.0,1.7,14.9
42,Christian Wood,68,30.8,17.9,6.5,12.9,50.1,1.9,4.9,39.0,3.0,4.9,62.3,1.6,8.5,10.1,2.3,0.8,1.0,1.9,21.9
43,Tobias Harris,69,35.0,17.5,6.9,14.2,48.4,1.3,3.8,35.6,2.4,2.9,83.9,1.1,5.8,6.9,3.5,0.6,0.6,1.6,19.7
44,Cade Cunningham,62,32.4,17.3,6.7,16.0,41.9,1.8,5.7,31.9,2.1,2.5,83.9,0.9,4.6,5.5,5.5,1.2,0.7,3.6,16.9
45,Anfernee Simons,57,29.5,17.3,6.2,14.0,44.3,3.1,7.8,40.5,1.8,2.0,88.8,0.5,2.2,2.6,3.9,0.5,0.1,2.0,14.5
46,Reggie Jackson,72,31.3,17.2,6.5,16.4,39.5,2.3,6.9,33.3,1.9,2.2,84.5,0.5,3.1,3.7,4.8,0.7,0.2,2.3,13.9
47,Andrew Wiggins,70,31.9,17.1,6.5,14.0,46.5,2.1,5.4,38.9,2.0,3.2,63.8,1.2,3.3,4.5,2.2,1.1,0.7,1.5,15.5
48,Tyrese Maxey,71,35.5,17.1,6.4,13.3,47.9,1.7,4.0,41.7,2.8,3.2,86.0,0.4,2.9,3.3,4.3,0.7,0.4,1.1,17.3
49,Kyle Kuzma,66,33.4,17.1,6.4,14.2,45.2,1.9,5.7,34.1,2.4,3.3,71.2,1.1,7.4,8.5,3.5,0.6,0.9,2.6,19.4
50,Deandre Ayton,56,29.5,17.1,7.6,11.9,63.6,0.1,0.3,35.3,1.9,2.5,74.3,2.5,7.7,10.2,1.4,0.7,0.7,1.6,23.4
51,Keldon Johnson,72,31.8,16.9,6.2,13.4,46.6,2.1,5.3,40.5,2.3,3.0,75.6,1.1,5.0,6.1,2.0,0.7,0.2,1.3,16.8
52,Harrison Barnes,73,34.0,16.8,5.2,11.0,47.1,1.9,4.7,40.7,4.6,5.5,82.7,1.1,4.5,5.6,2.5,0.7,0.2,1.6,17.5
53,Jalen Green,64,31.6,16.8,5.9,14.0,42.1,2.3,6.8,34.3,2.7,3.4,80.3,0.5,2.8,3.3,2.6,0.7,0.3,2.0,13.0
54,Cole Anthony,65,31.7,16.3,5.5,14.0,39.1,2.0,6.0,33.8,3.3,3.9,85.4,0.5,4.9,5.4,5.7,0.7,0.3,2.6,16.6
55,Saddiq Bey,79,33.2,16.3,5.6,13.9,40.0,2.6,7.5,35.2,2.5,3.1,82.4,1.3,4.2,5.5,2.8,0.9,0.2,1.2,15.7
56,Jaren Jackson Jr.,75,27.2,16.3,5.5,13.3,41.8,1.6,5.1,31.9,3.6,4.3,81.9,1.6,4.3,5.8,1.1,0.9,2.3,1.7,16.2
57,Jalen Brunson,76,32.1,16.2,6.4,12.8,50.1,1.2,3.2,37.1,2.2,2.6,84.1,0.5,3.3,3.9,4.8,0.9,0.0,1.6,17.4
58,Jarrett Allen,56,32.3,16.1,6.6,9.7,67.7,0.0,0.2,10.0,2.9,4.2,70.8,3.4,7.3,10.8,1.6,0.8,1.3,1.7,24.6
59,Jordan Clarkson,75,27.1,16.1,5.9,14.2,41.8,2.4,7.6,31.7,1.8,2.2,82.4,0.8,2.5,3.4,2.3,0.8,0.2,1.6,12.6
60,Buddy Hield,78,30.7,15.5,5.4,13.4,40.5,3.2,8.8,36.7,1.4,1.6,87.0,0.8,3.5,4.3,2.8,0.9,0.3,1.9,13.7
61,Scottie Barnes,70,35.5,15.4,6.2,12.7,49.0,0.8,2.6,30.1,2.2,2.9,73.8,2.6,4.9,7.5,3.5,1.1,0.8,1.9,19.3
62,Rudy Gobert,62,32.2,15.3,5.5,7.7,70.9,0.0,0.1,0.0,4.4,6.4,69.3,3.7,11.0,14.7,1.1,0.7,2.1,1.8,28.0
63,Franz Wagner,78,31.1,15.3,5.8,12.5,46.8,1.2,3.4,35.7,2.4,2.8,86.3,1.1,3.5,4.6,2.9,0.9,0.4,1.5,15.6
64,Tyrese Haliburton,74,34.9,15.2,5.5,11.8,46.8,2.1,5.1,41.2,2.0,2.4,83.8,0.8,3.3,4.0,8.2,1.7,0.6,2.5,20.6
65,Kelly Oubre Jr.,72,26.7,15.2,5.5,12.5,43.8,2.5,7.4,34.5,1.6,2.5,66.7,1.1,2.9,4.0,1.1,1.0,0.4,0.9,12.9
66,Seth Curry,62,33.5,15.0,5.6,11.6,48.6,2.5,5.8,42.4,1.3,1.5,87.9,0.3,2.8,3.1,3.6,0.8,0.2,1.7,15.0
67,Jusuf Nurkic,56,28.2,15.0,5.7,10.7,53.5,0.3,1.0,26.8,3.3,4.8,69.0,3.0,8.1,11.1,2.8,1.1,0.6,2.6,21.6
68,Wendell Carter Jr.,62,29.9,15.0,5.8,11.0,52.5,1.1,3.5,32.7,2.3,3.3,69.1,2.2,8.2,10.5,2.8,0.6,0.7,1.9,21.3
69,Evan Mobley,67,33.9,14.9,6.1,12.0,50.6,0.3,1.4,25.3,2.4,3.6,66.4,2.0,6.2,8.3,2.5,0.8,1.6,2.0,19.0
70,Aaron Gordon,73,31.6,14.9,5.7,11.1,51.9,1.2,3.5,33.3,2.2,3.0,74.2,1.7,4.1,5.8,2.5,0.6,0.6,1.7,16.5
71,Chris Paul,63,33.0,14.9,5.6,11.4,49.2,1.0,3.1,32.1,2.7,3.2,83.5,0.3,4.0,4.3,10.7,1.9,0.3,2.4,23.4
72,Bogdan Bogdanovic,59,29.2,14.8,5.4,12.4,43.2,2.6,7.1,35.9,1.5,1.8,85.8,0.5,3.4,3.8,3.0,1.1,0.2,1.2,14.5
73,Will Barton,69,32.0,14.8,5.6,12.7,44.0,2.2,6.0,36.5,1.4,1.8,79.7,0.6,4.2,4.8,3.9,0.8,0.4,1.8,15.4
74,Bobby Portis,69,28.3,14.7,5.8,12.1,47.8,1.9,4.7,39.4,1.2,1.6,75.2,2.5,6.6,9.1,1.2,0.8,0.7,1.3,18.4
75,Kevin Porter Jr.,58,30.8,14.7,5.2,12.7,40.8,2.4,6.5,36.8,1.9,3.1,62.8,0.7,3.6,4.3,6.2,1.1,0.4,3.2,14.8
76,Mikal Bridges,78,35.5,14.4,5.7,10.7,53.2,1.5,3.9,37.1,1.6,1.9,82.8,0.9,3.4,4.3,2.3,1.2,0.5,0.8,16.5
77,Lauri Markkanen,58,31.0,14.4,5.0,11.4,44.0,2.1,6.1,34.8,2.2,2.6,86.0,1.0,4.7,5.7,1.4,0.8,0.5,0.9,15.1
78,Evan Fournier,77,29.5,14.2,5.1,12.1,42.0,3.0,7.7,39.3,1.0,1.4,71.2,0.4,2.2,2.6,2.1,1.0,0.2,1.3,11.3
79,Spencer Dinwiddie,64,30.0,13.8,4.6,11.1,41.2,1.7,5.0,33.3,3.0,3.8,77.5,0.7,3.6,4.2,5.3,0.6,0.2,1.6,15.2
80,Mike Conley,69,28.5,13.7,4.8,10.9,43.6,2.4,5.8,41.0,1.8,2.2,81.2,0.7,2.3,3.0,5.3,1.3,0.3,1.7,15.3
81,Dennis Schroder,64,28.7,13.5,4.9,11.3,43.1,1.3,3.9,34.4,2.5,2.9,85.3,0.5,2.8,3.3,4.6,0.8,0.1,2.2,13.4
82,Jakob Poeltl,65,29.0,13.4,6.0,9.8,61.8,0.0,0.0,100,1.4,2.8,49.4,3.9,5.3,9.2,2.8,0.7,1.8,1.6,21.2
83,Eric Gordon,57,29.3,13.4,4.7,9.9,47.5,2.2,5.3,41.2,1.8,2.4,77.8,0.3,1.7,2.0,2.7,0.5,0.3,1.9,11.3
84,Malik Monk,72,28.0,13.4,5.0,10.6,47.3,2.2,5.7,39.1,1.1,1.4,77.9,0.5,2.8,3.3,2.8,0.8,0.4,1.5,13.3
85,Carmelo Anthony,68,26.0,13.4,4.6,10.5,44.3,2.2,5.8,37.6,1.9,2.3,82.8,0.9,3.2,4.1,1.0,0.7,0.8,0.9,12.8
86,Kyle Lowry,62,33.9,13.4,4.3,10.0,43.6,2.3,6.1,37.5,2.4,2.8,85.5,0.5,4.0,4.5,7.6,1.0,0.3,2.7,18.1
87,Kevin Love,71,22.6,13.4,4.3,10.2,42.3,2.5,6.4,38.4,2.3,2.7,84.2,1.1,6.0,7.1,2.2,0.4,0.2,1.3,15.6
88,Kentavious Caldwell-Pope,75,30.3,13.3,4.7,10.8,43.3,2.1,5.3,39.3,1.8,2.1,89.0,0.5,2.9,3.4,1.9,1.1,0.3,1.2,12.4
89,Derrick White,72,29.4,13.3,4.5,10.8,41.9,1.5,4.9,30.6,2.8,3.2,87.2,0.5,2.9,3.5,5.0,0.9,0.8,1.6,15.1
90,Montrezl Harrell,68,23.2,13.2,5.0,7.9,63.7,0.1,0.3,23.5,3.1,4.3,71.7,2.1,4.1,6.2,2.0,0.4,0.6,1.0,17.3
91,Monte Morris,73,29.9,12.8,5.0,10.3,48.7,1.7,4.2,40.0,1.0,1.2,86.9,0.3,2.7,3.0,4.5,0.8,0.2,1.0,14.6
92,Cameron Johnson,62,26.3,12.7,4.3,9.2,46.6,2.6,6.0,43.6,1.5,1.7,87.0,0.6,3.5,4.1,1.5,0.8,0.2,0.7,13.5
93,Coby White,58,27.3,12.6,4.6,10.6,43.2,2.2,5.8,37.4,1.3,1.5,86.2,0.3,2.7,3.0,2.9,0.4,0.2,1.1,11.8
94,Malik Beasley,76,25.0,12.1,4.2,10.8,39.2,3.0,8.1,37.7,0.6,0.8,81.0,0.3,2.6,2.9,1.5,0.5,0.2,0.6,10.0
95,Devonte' Graham,72,29.0,12.1,4.0,11.0,36.1,2.6,7.6,34.2,1.6,1.8,84.2,0.5,1.9,2.4,4.2,0.9,0.2,1.4,11.1
96,Devin Vassell,68,27.1,12.0,4.5,10.7,42.6,1.9,5.3,35.2,1.1,1.3,82.4,0.6,3.7,4.3,1.9,1.1,0.6,0.8,12.7
96,Lonnie Walker IV,68,23.0,12.0,4.4,10.9,40.6,1.6,5.0,31.3,1.6,2.1,77.5,0.3,2.3,2.5,2.2,0.6,0.3,1.0,9.7
96,Marcus Smart,68,32.6,12.0,4.2,10.1,41.4,1.6,5.0,32.2,2.1,2.6,79.1,0.6,3.3,3.9,5.9,1.7,0.3,2.2,15.0
99,Kevin Huerter,70,29.6,12.0,4.6,10.3,45.2,2.1,5.5,38.8,0.6,0.7,80.0,0.4,2.9,3.4,2.7,0.7,0.4,1.3,12.1
100,Jae'Sean Tate,75,26.3,11.9,4.7,9.4,50.3,0.8,2.6,31.1,1.7,2.4,70.9,1.7,3.7,5.4,2.9,0.9,0.5,1.8,14.5
101,Luke Kennard,67,27.6,11.8,4.0,9.0,44.7,2.7,6.0,44.8,1.0,1.1,90.5,0.3,3.1,3.3,2.1,0.6,0.1,0.8,11.9
102,Alec Burks,78,28.3,11.6,3.5,8.9,39.1,1.9,4.8,40.2,2.7,3.2,82.5,0.6,4.3,4.9,2.9,1.1,0.3,1.0,13.7
103,Patty Mills,77,29.1,11.5,4.1,10.0,40.6,2.8,7.1,39.8,0.6,0.7,82.1,0.2,1.7,2.0,2.3,0.6,0.2,0.9,9.7
104,Danilo Gallinari,63,25.0,11.3,3.7,8.8,42.5,1.6,4.3,37.0,2.2,2.4,90.3,0.5,4.1,4.6,1.6,0.4,0.2,0.5,12.3
105,Davion Mitchell,71,27.0,11.2,4.6,11.1,41.6,1.4,4.3,31.8,0.6,1.0,63.4,0.5,1.8,2.3,3.7,0.8,0.3,1.5,10.0
106,Gary Harris,61,28.4,11.1,3.9,9.1,43.4,1.9,5.0,38.4,1.4,1.6,87.4,0.6,1.4,2.0,1.8,1.0,0.1,1.0,9.7
107,Grayson Allen,65,27.4,11.1,3.9,8.7,44.6,2.4,5.9,40.9,0.9,1.1,85.7,0.5,2.9,3.4,1.5,0.7,0.2,0.7,11.3
108,Hamidou Diallo,58,21.9,11.0,4.5,9.1,49.6,0.4,1.6,24.7,1.6,2.4,65.0,1.2,3.6,4.8,1.3,1.2,0.3,1.0,12.1
109,Immanuel Quickley,75,22.6,10.9,3.5,9.0,39.0,1.7,4.9,34.6,2.2,2.5,88.8,0.4,2.7,3.0,3.3,0.7,0.0,1.2,11.0
110,Cameron Payne,56,22.0,10.9,4.2,10.1,41.1,1.2,3.6,33.7,1.3,1.6,84.3,0.4,2.6,3.0,4.8,0.7,0.3,1.8,11.7
111,Dorian Finney-Smith,77,33.2,10.9,4.0,8.7,46.2,2.1,5.4,38.3,0.7,1.1,67.5,1.5,3.2,4.7,1.9,1.1,0.5,1.0,13.0
112,Duncan Robinson,76,26.0,10.9,3.6,9.2,39.6,2.9,7.9,36.7,0.7,0.8,83.6,0.3,2.3,2.6,1.6,0.5,0.2,0.8,9.2
113,Terance Mann,77,28.9,10.8,4.1,8.5,48.3,0.9,2.6,36.0,1.6,2.1,78.0,1.3,4.0,5.4,2.6,0.7,0.2,1.0,13.8
114,Clint Capela,70,27.6,10.8,4.9,8.1,60.5,0.0,0.0,0.0,1.1,2.3,46.5,3.7,8.1,11.8,1.3,0.7,1.3,0.6,20.9
115,Darius Bazley,69,27.9,10.8,4.0,9.4,42.2,1.2,3.9,29.7,1.7,2.5,68.8,1.0,5.3,6.3,1.4,0.8,1.0,1.3,12.9
116,Nickeil Alexander-Walker,63,23.0,10.8,4.0,10.7,37.0,1.6,5.3,30.7,1.3,1.7,74.1,0.6,2.3,2.9,2.4,0.7,0.4,1.5,8.6
117,De'Anthony Melton,69,22.6,10.8,3.9,9.5,40.5,1.9,5.1,37.5,1.2,1.6,74.1,0.9,3.6,4.5,2.6,1.5,0.5,1.5,12.3
118,Cedi Osman,63,22.1,10.7,3.7,8.7,42.6,1.9,5.5,35.3,1.3,2.0,66.1,0.4,1.8,2.2,2.1,0.8,0.2,1.0,9.2
119,Max Strus,66,23.3,10.6,3.7,8.4,43.7,2.7,6.6,40.6,0.6,0.8,78.8,0.4,2.6,3.0,1.3,0.4,0.2,0.8,9.9
120,Trey Lyles,71,20.5,10.5,3.5,7.5,46.5,0.9,2.8,32.5,2.6,3.3,80.3,1.2,3.8,5.1,1.2,0.4,0.5,1.0,12.0
121,Mo Bamba,68,25.9,10.5,4.1,8.7,47.5,1.4,3.9,37.0,0.8,1.0,80.3,2.1,6.0,8.1,1.2,0.6,1.6,1.1,16.0
122,Tre Mann,60,22.8,10.4,3.9,9.8,39.3,1.6,4.5,36.0,1.1,1.4,79.3,0.4,2.4,2.9,1.5,0.8,0.2,1.2,8.4
123,Brandon Clarke,61,19.6,10.3,4.4,7.0,63.8,0.1,0.4,22.7,1.4,2.1,65.6,2.2,3.3,5.5,1.4,0.6,1.1,0.6,15.1
124,P.J. Washington,61,27.0,10.3,3.8,8.3,46.3,1.8,4.8,36.7,0.9,1.2,71.6,1.3,4.0,5.3,2.2,0.9,0.9,1.2,13.6
125,Jeff Green,73,24.6,10.3,3.7,7.1,51.9,0.7,2.3,31.7,2.2,2.6,83.3,0.6,2.5,3.1,1.3,0.4,0.4,0.9,10.6
126,Justin Holiday,70,28.1,10.2,3.5,9.1,39.1,2.4,6.6,35.7,0.7,0.9,80.6,0.4,2.2,2.6,1.7,0.7,0.5,1.0,9.0
127,Ivica Zubac,72,24.4,10.1,4.0,6.4,62.1,0.0,0.0,0.0,2.2,3.0,72.9,2.8,5.5,8.3,1.6,0.5,1.0,1.5,16.7
128,Pat Connaughton,62,26.3,10.1,3.6,7.7,46.1,2.3,5.8,39.7,0.7,0.8,82.7,0.7,3.5,4.2,1.3,0.9,0.2,0.5,11.9
129,Garrison Mathews,62,26.3,10.0,2.9,7.2,39.9,2.2,6.0,36.1,2.2,2.7,79.9,0.5,2.3,2.8,1.0,0.9,0.4,0.6,9.6
130,Ben McLemore,60,19.7,10.0,3.3,8.4,39.3,2.3,6.5,35.8,1.1,1.3,83.5,0.2,1.4,1.6,0.9,0.5,0.2,0.8,7.0
131,Al Horford,67,29.1,10.0,3.8,8.3,45.7,1.3,3.9,32.6,1.2,1.4,84.2,1.6,6.1,7.7,3.4,0.7,1.3,0.9,17.5
132,Terrence Ross,63,23.0,10.0,3.5,8.8,39.7,1.2,4.2,29.2,1.8,2.1,86.2,0.3,2.2,2.6,1.8,0.4,0.2,1.2,8.2
133,Josh Richardson,61,24.6,10.0,3.5,8.1,43.5,1.5,3.7,40.3,1.4,1.6,88.9,0.7,2.2,2.9,1.8,0.9,0.5,1.0,10.2
134,Bones Hyland,66,18.9,10.0,3.3,8.2,39.9,1.9,5.1,36.6,1.5,1.8,85.0,0.2,2.5,2.8,2.6,0.6,0.3,1.3,9.8
135,Robert Williams III,61,29.6,10.0,4.4,6.0,73.6,0.0,0.0,0.0,1.1,1.5,72.2,3.9,5.7,9.6,2.0,0.9,2.2,1.0,21.7
136,Herbert Jones,74,30.1,9.6,3.6,7.4,47.7,0.7,2.1,34.0,1.7,2.1,84.2,1.2,2.6,3.8,2.2,1.7,0.8,1.3,12.4
137,Jae Crowder,65,28.3,9.5,3.3,8.1,40.3,1.9,5.4,35.1,1.1,1.4,79.8,0.4,4.8,5.3,1.8,1.4,0.4,0.8,12.5
138,Alperen Sengun,69,20.1,9.4,3.4,7.1,47.6,0.4,1.6,26.2,2.3,3.3,70.2,1.9,3.5,5.4,2.4,0.8,1.0,2.1,12.4
139,Jaden McDaniels,67,26.1,9.4,3.7,8.1,45.9,1.1,3.7,31.3,0.8,1.0,80.0,1.1,3.1,4.3,1.1,0.8,0.8,1.1,10.7
140,Talen Horton-Tucker,56,25.1,9.4,3.6,8.6,41.6,0.8,3.0,26.9,1.4,1.8,77.7,0.6,2.6,3.2,2.6,0.9,0.5,1.4,9.7
141,Patrick Beverley,56,25.6,9.3,3.1,7.6,40.7,1.5,4.2,34.7,1.6,2.3,72.4,1.1,3.1,4.2,4.6,1.2,0.9,1.3,13.7
142,JaVale McGee,70,15.7,9.3,3.9,6.2,63.6,0.0,0.1,25.0,1.4,2.0,71.5,2.2,4.5,6.6,0.6,0.3,1.1,1.3,13.8
143,Chris Boucher,76,20.9,9.2,3.3,7.1,46.4,0.8,2.8,28.8,1.8,2.3,77.0,2.3,4.0,6.2,0.3,0.6,0.9,0.5,12.4
144,Georges Niang,74,23.0,9.2,3.2,7.5,43.5,2.0,5.1,39.9,0.7,0.8,88.1,0.3,2.4,2.7,1.4,0.4,0.2,0.8,8.8
145,Caleb Martin,58,22.8,9.2,3.5,6.8,50.9,1.0,2.6,40.5,1.2,1.6,76.7,1.2,2.6,3.8,1.1,1.0,0.5,0.8,11.1
146,Daniel Gafford,68,19.9,9.1,3.9,5.6,68.9,0.0,0.0,0.0,1.4,2.0,70.4,2.2,3.5,5.7,0.9,0.4,1.4,0.9,14.2
147,Jaxson Hayes,65,19.7,9.1,3.4,5.3,63.4,0.2,0.7,35.6,2.1,2.7,77.5,1.6,2.8,4.4,0.6,0.4,0.8,0.8,11.9
148,Isaac Okoro,64,29.8,9.0,3.2,6.6,48.0,0.8,2.4,35.3,1.8,2.4,78.1,1.1,2.0,3.1,1.8,0.8,0.3,0.9,10.2
149,Jonathan Kuminga,66,16.6,9.0,3.3,6.5,50.4,0.7,2.1,30.7,1.8,2.7,68.2,0.8,2.5,3.3,0.8,0.4,0.3,1.1,8.7
150,Amir Coffey,65,23.2,9.0,3.0,6.8,44.9,1.4,3.7,36.9,1.5,1.7,85.8,0.4,2.4,2.8,1.8,0.6,0.2,0.6,9.7
151,Precious Achiuwa,69,23.5,8.9,3.6,8.2,44.0,0.7,2.0,35.8,1.0,1.8,58.7,2.1,4.6,6.7,1.1,0.5,0.6,1.1,11.4
152,Chimezie Metu,56,21.0,8.9,3.4,7.5,44.8,0.9,3.2,29.9,1.2,1.5,77.6,0.6,4.9,5.5,1.0,0.8,0.5,1.0,11.3
153,Kenyon Martin Jr.,76,21.0,8.9,3.6,6.6,53.8,0.8,2.1,37.2,1.0,1.6,63.3,1.0,2.8,3.8,1.3,0.4,0.5,0.8,10.5
154,Gabe Vincent,65,23.6,8.8,3.2,7.6,41.6,1.8,4.8,36.7,0.7,0.8,81.5,0.3,1.5,1.9,3.1,0.9,0.2,1.5,8.8
155,Oshae Brissett,64,23.0,8.8,3.0,7.3,40.9,1.2,3.4,34.7,1.6,2.3,69.8,1.6,3.7,5.3,1.0,0.7,0.5,0.8,10.3
156,Cam Thomas,63,18.2,8.7,3.4,7.8,43.0,0.7,2.7,26.5,1.3,1.6,82.8,0.3,2.2,2.5,1.2,0.5,0.1,0.8,7.6
157,Bryn Forbes,73,17.0,8.7,3.1,7.2,42.8,1.6,3.9,41.2,1.0,1.1,90.0,0.1,1.1,1.3,1.0,0.3,0.1,0.8,6.4
158,Reggie Bullock,65,28.0,8.7,3.0,7.4,40.4,2.1,5.8,36.0,0.6,0.7,83.0,0.5,3.1,3.6,1.2,0.6,0.2,0.6,9.2
159,Bruce Brown,68,24.0,8.6,3.5,6.9,50.3,0.5,1.2,38.1,1.3,1.7,74.8,1.4,3.3,4.7,1.9,1.1,0.6,0.7,12.4
160,Moritz Wagner,60,14.7,8.6,3.0,6.1,49.0,1.0,3.1,31.9,1.7,2.1,80.5,0.7,2.9,3.6,1.3,0.3,0.2,0.9,9.6
161,Tyus Jones,70,21.0,8.6,3.4,7.5,45.2,1.1,2.8,38.1,0.8,0.9,81.8,0.2,2.2,2.5,4.4,0.9,0.0,0.6,11.5
162,Dwight Powell,79,21.7,8.6,3.2,4.9,66.0,0.2,0.5,35.1,2.0,2.5,79.7,2.1,2.8,4.9,1.2,0.5,0.5,0.7,12.7
163,Ayo Dosunmu,73,27.3,8.5,3.5,6.8,51.6,0.9,2.4,36.9,0.6,0.9,67.6,0.3,2.4,2.7,3.3,0.7,0.4,1.3,10.8
164,Robert Covington,67,27.9,8.5,3.0,7.0,41.9,1.8,4.8,37.6,0.8,0.9,85.2,0.8,4.7,5.5,1.3,1.5,1.3,1.1,12.8
165,Mitchell Robinson,72,25.7,8.5,3.6,4.8,76.1,0.0,0.0,0.0,1.2,2.5,48.6,4.1,4.5,8.6,0.5,0.8,1.8,0.8,17.0
166,Nicolas Batum,56,24.9,8.5,3.1,6.7,46.1,1.9,4.7,39.7,0.4,0.6,66.7,0.5,3.8,4.3,1.6,1.0,0.8,0.7,11.6
167,Naz Reid,74,15.7,8.3,3.0,6.1,49.6,0.7,2.1,34.8,1.5,2.0,76.2,1.4,2.6,3.9,0.9,0.5,0.9,1.0,10.0
168,Chuma Okeke,67,24.7,8.3,3.0,8.0,37.0,1.6,5.1,31.1,0.8,0.9,84.1,0.7,4.2,4.9,1.7,1.4,0.6,0.8,10.7
169,Jaylen Nowell,59,15.7,8.3,3.1,6.6,47.6,1.0,2.5,38.3,1.1,1.4,76.8,0.4,1.7,2.0,2.2,0.4,0.2,0.6,8.7
170,Otto Porter Jr.,61,22.0,8.2,3.1,6.5,46.9,1.3,3.4,36.8,0.8,1.0,81.4,1.3,4.4,5.7,1.5,1.1,0.5,0.6,12.7
171,Isaiah Stewart,68,25.7,8.2,3.5,6.9,51.2,0.1,0.5,24.3,1.0,1.4,70.1,3.1,5.5,8.6,1.1,0.3,1.1,1.2,14.3
172,Deni Avdija,78,23.8,8.2,2.9,6.8,43.2,1.0,3.0,32.6,1.3,1.7,76.5,0.6,4.5,5.1,1.9,0.7,0.5,1.0,11.2
173,Landry Shamet,65,20.7,8.1,2.7,6.7,39.5,1.8,4.7,37.8,1.0,1.2,83.8,0.2,1.6,1.8,1.6,0.4,0.1,0.6,7.2
174,Isaiah Hartenstein,64,17.5,8.1,3.4,5.3,63.4,0.1,0.3,35.0,1.3,1.9,66.7,1.6,3.1,4.7,2.3,0.8,1.1,1.2,13.2
175,Cory Joseph,65,24.6,8.0,2.7,6.2,44.5,1.0,2.4,41.4,1.5,1.7,88.5,0.4,2.2,2.7,3.6,0.6,0.3,1.3,10.3
176,Obi Toppin,69,16.1,8.0,3.1,5.9,52.2,0.6,2.1,26.8,1.2,1.6,76.1,0.9,2.7,3.6,1.0,0.3,0.4,0.8,9.4
177,Hassan Whiteside,61,18.0,8.0,3.2,5.0,64.8,0.0,0.0,0.0,1.5,2.4,62.4,2.4,5.1,7.5,0.4,0.4,1.5,0.8,14.2
178,Corey Kispert,73,23.1,8.0,2.9,6.5,45.0,1.4,4.0,34.4,0.7,0.8,86.7,0.7,1.9,2.6,1.1,0.4,0.3,0.6,8.1
179,Grant Williams,74,24.2,7.9,2.7,5.6,48.1,1.4,3.4,41.8,1.1,1.2,89.9,0.8,2.7,3.5,1.0,0.5,0.7,0.8,9.8
180,Josh Christopher,71,17.7,7.8,3.0,6.6,44.8,0.7,2.5,29.9,1.1,1.5,77.1,0.7,1.7,2.4,2.0,0.9,0.2,1.5,7.7
181,Furkan Korkmaz,64,21.5,7.8,2.8,7.2,39.2,1.2,4.0,29.3,1.0,1.3,80.0,0.3,2.4,2.7,1.9,0.5,0.1,0.7,7.7
182,Jordan Nwora,59,19.2,7.8,3.0,7.4,41.1,1.3,3.7,35.0,0.4,0.5,81.3,0.6,2.9,3.5,0.9,0.4,0.3,0.9,7.6
183,Andre Drummond,69,19.7,7.7,3.2,5.7,56.6,0.0,0.0,0.0,1.2,2.3,51.6,3.1,6.1,9.2,1.9,1.1,0.9,1.6,15.5
184,Cody Martin,67,26.3,7.7,2.9,6.0,47.4,0.9,2.3,38.4,1.1,1.6,69.2,1.1,2.9,4.0,2.5,1.2,0.4,0.9,11.4
185,Ziaire Williams,58,21.4,7.6,3.0,6.6,45.3,1.1,3.7,30.2,0.6,0.8,77.3,0.4,1.7,2.1,1.0,0.5,0.2,0.7,7.1
186,Aleksej Pokusevski,61,20.2,7.6,3.0,7.5,40.8,0.9,3.2,28.9,0.6,0.8,70.0,1.2,4.0,5.2,2.1,0.6,0.6,1.5,10.0
187,P.J. Tucker,70,28.0,7.6,2.9,6.0,48.5,1.1,2.7,41.6,0.6,0.9,73.8,1.4,4.0,5.4,2.1,0.8,0.2,0.9,11.9
188,Royce O'Neale,74,31.4,7.5,2.7,5.8,46.4,1.6,4.0,39.3,0.6,0.7,80.8,0.8,4.1,4.9,2.5,1.1,0.4,1.0,12.3
189,Raul Neto,67,19.8,7.5,2.9,6.4,45.8,0.5,1.7,29.3,1.1,1.5,76.2,0.2,1.8,2.0,3.2,0.8,0.0,1.1,8.6
190,Damion Lee,59,20.0,7.4,2.7,6.1,44.0,1.1,3.1,34.3,1.0,1.2,87.1,0.4,2.8,3.2,1.0,0.6,0.1,0.6,8.2
191,Kyle Anderson,65,21.5,7.4,3.0,6.8,43.9,0.5,1.6,31.7,0.9,1.5,62.9,1.0,4.4,5.4,2.6,1.1,0.6,1.0,11.8
192,Taurean Prince,67,17.1,7.3,2.6,5.7,45.9,1.2,3.3,37.7,0.9,1.2,76.9,0.4,2.1,2.5,1.0,0.7,0.3,0.8,7.8
193,R.J. Hampton,61,21.4,7.3,2.6,6.8,37.9,1.0,2.8,34.5,1.2,1.9,62.8,0.3,2.6,2.9,2.3,0.7,0.2,1.3,7.2
194,Drew Eubanks,68,16.9,7.3,2.9,5.0,58.6,0.1,0.3,23.8,1.4,1.8,75.0,1.9,3.5,5.4,1.2,0.4,0.5,1.1,11.2
195,Javonte Green,61,23.3,7.2,2.7,5.0,54.3,0.6,1.5,36.2,1.3,1.5,83.0,1.4,2.8,4.2,0.9,1.0,0.5,0.5,10.8
196,Steven Adams,73,26.4,7.1,2.8,5.2,54.8,0.0,0.0,0.0,1.5,2.6,55.4,4.7,5.3,10.0,3.3,0.9,0.8,1.5,17.0
197,Gary Payton II,67,17.4,7.1,3.0,4.8,61.7,0.6,1.7,36.8,0.5,0.8,58.9,1.0,2.4,3.4,0.9,1.3,0.3,0.6,10.3
198,Jarred Vanderbilt,71,25.5,7.0,2.9,5.0,58.6,0.0,0.2,15.4,1.2,1.8,65.6,2.9,5.6,8.5,1.3,1.3,0.6,1.0,15.2
199,Maxi Kleber,59,24.6,7.0,2.4,6.0,39.8,1.4,4.3,32.5,0.8,1.1,70.8,1.2,4.7,5.9,1.2,0.5,1.0,0.8,10.8
200,Killian Hayes,63,25.1,6.8,2.7,6.9,38.5,0.7,2.5,26.9,0.8,1.1,76.5,0.6,2.6,3.2,4.3,1.2,0.5,1.7,9.8
201,Mason Plumlee,69,24.9,6.6,2.8,4.4,63.5,0.0,0.0,0.0,0.9,2.3,39.1,2.5,5.4,7.9,3.2,0.8,0.7,1.3,14.7
202,Austin Reaves,57,22.5,6.5,2.2,4.9,45.7,0.8,2.6,30.7,1.3,1.5,83.7,0.7,2.2,2.9,1.6,0.4,0.3,0.6,8.3
203,Torrey Craig,74,20.5,6.5,2.5,5.6,45.2,0.9,2.9,31.6,0.5,0.7,75.0,1.1,2.9,4.0,1.2,0.6,0.5,0.9,8.6
204,JaMychal Green,64,16.1,6.5,2.4,4.9,48.3,0.5,1.9,27.0,1.2,1.4,87.6,1.2,3.0,4.1,0.9,0.6,0.4,0.9,8.9
205,Blake Griffin,56,17.1,6.4,2.4,5.6,42.5,0.7,2.6,26.2,1.0,1.4,72.4,1.1,3.0,4.1,1.9,0.5,0.3,0.6,8.9
206,Lou Williams,55,14.3,6.4,2.3,5.7,39.2,0.7,1.8,36.6,1.2,1.4,85.9,0.3,1.3,1.6,1.9,0.5,0.1,0.8,6.0
207,Avery Bradley,61,22.8,6.4,2.4,5.7,42.2,1.3,3.4,39.1,0.3,0.3,88.9,0.5,1.7,2.2,0.8,0.9,0.1,0.6,6.4
208,Dewayne Dedmon,66,15.9,6.3,2.5,4.4,56.6,0.3,0.7,41.3,1.1,1.5,75.5,1.6,4.2,5.8,0.7,0.3,0.6,1.0,10.5
209,Aaron Holiday,59,16.2,6.3,2.4,5.2,46.8,0.6,1.5,39.6,0.8,1.0,86.2,0.3,1.5,1.9,2.4,0.7,0.2,1.1,7.5
210,Ish Smith,61,17.0,6.1,2.8,6.4,43.0,0.4,1.0,35.5,0.2,0.4,62.5,0.4,1.7,2.1,3.6,0.7,0.4,1.1,7.9
211,Lamar Stevens,60,16.0,6.1,2.5,5.0,49.7,0.3,1.0,29.0,0.9,1.3,70.7,0.8,1.8,2.6,0.7,0.5,0.3,0.6,6.7
212,Kevon Looney,78,21.5,6.1,2.6,4.5,57.1,0.0,0.0,0.0,1.0,1.6,60.0,2.6,4.8,7.4,2.0,0.6,0.7,0.8,13.4
213,Payton Pritchard,68,13.9,6.0,2.2,5.1,42.5,1.4,3.4,41.2,0.3,0.3,100,0.4,1.4,1.9,1.9,0.3,0.1,0.6,6.7
214,Austin Rivers,64,21.9,5.9,2.1,5.2,41.3,1.2,3.5,34.4,0.5,0.6,72.5,0.3,1.4,1.7,1.4,0.8,0.1,0.8,5.8
215,Matisse Thybulle,63,25.5,5.9,2.3,4.6,50.5,0.7,2.2,31.7,0.5,0.7,79.1,0.6,1.7,2.3,1.1,1.8,1.1,0.6,9.2
216,Dwight Howard,57,15.8,5.8,2.1,3.5,60.8,0.1,0.2,63.6,1.4,2.2,64.1,1.9,3.8,5.8,0.5,0.6,0.6,0.8,10.3
217,Nemanja Bjelica,67,15.8,5.8,2.1,4.7,45.4,0.7,2.1,35.3,0.8,1.1,70.3,0.8,3.2,4.0,2.1,0.6,0.4,1.2,8.7
218,Eric Paschall,56,12.9,5.8,2.0,4.1,48.2,0.7,1.9,37.4,1.1,1.5,77.1,0.5,1.3,1.9,0.6,0.2,0.1,0.5,5.6
219,Danny Green,58,21.5,5.7,2.0,5.1,38.9,1.6,4.3,37.1,0.2,0.2,83.3,0.4,2.0,2.4,0.9,0.9,0.6,0.7,6.7
220,Tre Jones,65,15.9,5.5,2.2,4.6,49.3,0.1,0.7,16.3,0.9,1.1,79.7,0.4,1.8,2.2,3.1,0.6,0.1,0.6,8.3
221,James Johnson,62,19.2,5.5,2.3,5.0,46.9,0.4,1.4,27.1,0.5,0.9,52.7,0.8,2.6,3.5,2.1,0.5,0.5,0.8,8.3
222,Keita Bates-Diop,55,16.0,5.4,2.2,4.2,51.1,0.3,0.9,33.3,0.7,1.0,73.2,1.0,2.9,3.9,0.7,0.5,0.3,0.7,7.7
223,Garrett Temple,56,18.9,5.4,1.9,5.0,38.3,1.0,3.1,32.0,0.5,0.7,68.3,0.5,2.0,2.5,1.3,0.8,0.4,0.7,6.3
224,Facundo Campazzo,63,18.6,5.2,1.7,4.6,36.4,0.9,3.0,30.2,1.0,1.2,76.9,0.4,1.5,1.9,3.4,1.0,0.4,1.0,7.6
225,DeAndre' Bembry,56,18.3,5.1,2.2,3.9,56.1,0.3,0.6,41.7,0.4,0.6,60.0,0.8,2.2,2.9,1.2,0.9,0.4,0.6,7.9
226,Trey Murphy III,57,13.5,4.9,1.6,4.2,38.4,1.1,2.8,37.3,0.6,0.7,85.7,0.7,1.6,2.3,0.6,0.4,0.1,0.2,5.4
227,John Konchar,68,17.8,4.8,1.8,3.6,51.2,0.7,1.7,41.5,0.4,0.6,56.8,1.1,3.4,4.5,1.4,0.6,0.3,0.4,9.2
228,Josh Green,64,15.4,4.7,1.9,3.8,50.0,0.4,1.1,35.2,0.5,0.7,69.8,0.8,1.5,2.3,1.2,0.7,0.2,0.7,6.2
229,Delon Wright,73,18.7,4.6,1.6,3.6,46.2,0.6,1.5,39.6,0.7,0.8,86.0,0.7,2.2,2.8,2.4,1.2,0.3,0.6,8.6
230,Svi Mykhailiuk,55,12.9,4.5,1.6,4.1,39.0,0.7,2.3,30.2,0.6,0.7,86.5,0.4,1.3,1.7,0.8,0.5,0.1,0.6,4.4
231,Jevon Carter,62,13.6,4.4,1.5,3.9,40.2,1.0,2.6,39.3,0.2,0.3,83.3,0.2,1.4,1.6,1.4,0.3,0.2,0.5,5.0
232,Frank Ntilikina,56,12.1,4.3,1.6,3.9,39.8,0.7,2.0,34.5,0.4,0.4,96.0,0.2,1.2,1.4,1.2,0.5,0.1,0.6,4.6
233,Troy Brown Jr.,62,15.9,4.1,1.6,3.8,41.5,0.7,2.0,34.7,0.3,0.4,76.0,0.6,2.4,3.0,0.9,0.5,0.1,0.4,5.9
234,Juan Toscano-Anderson,70,13.5,4.1,1.6,3.2,48.5,0.4,1.2,31.0,0.6,1.0,57.1,0.4,2.0,2.4,1.7,0.7,0.2,0.9,6.1
235,Jordan McLaughlin,59,14.2,3.7,1.4,3.2,43.5,0.4,1.4,31.3,0.5,0.6,73.0,0.4,1.1,1.5,2.9,0.9,0.1,0.6,6.5
236,Dalano Banton,63,11.0,3.2,1.3,3.2,41.1,0.2,0.8,25.5,0.4,0.7,59.5,0.6,1.3,2.0,1.6,0.4,0.2,0.8,4.3
237,Trent Forrest,59,12.8,3.2,1.3,2.6,48.4,0.1,0.5,18.5,0.6,0.8,79.2,0.4,1.3,1.7,1.8,0.5,0.1,0.8,5.0
